Workbook

Sheet Raw_Data
A1: Age | B1: Attrition | C1: BusinessTravel | D1: DailyRate | E1: Department | F1: DistanceFromHome | G1: Education | H1: EducationField | I1: EmployeeCount | J1: EmployeeNumber | K1: EnvironmentSatisfaction | L1: Gender | M1: HourlyRate | N1: JobInvolvement | O1: JobLevel | P1: JobRole | Q1: JobSatisfaction | R1: MaritalStatus | S1: MonthlyIncome | T1: MonthlyRate | U1: NumCompaniesWorked | V1: Over18 | W1: OverTime | X1: PercentSalaryHike | Y1: PerformanceRating | Z1: RelationshipSatisfaction | AA1: StandardHours | AB1: StockOptionLevel | AC1: TotalWorkingYears | AD1: TrainingTimesLastYear | AE1: WorkLifeBalance | AF1: YearsAtCompany | AG1: YearsInCurrentRole | AH1: YearsSinceLastPromotion | AI1: YearsWithCurrManager
A2: 41 | B2: Yes | C2: Travel_Rarely | D2: 1102 | E2: Sales | F2: 1 | G2: 2 | H2: Life Sciences | I2: 1 | J2: 1 | K2: 2 | L2: Female | M2: 94 | N2: 3 | O2: 2 | P2: Sales Executive | Q2: 4 | R2: Single | S2: 5993 | T2: 19479 | U2: 8 | V2: Y | W2: Yes | X2: 11 | Y2: 3 | Z2: 1 | AA2: 80 | AB2: 0 | AC2: 8 | AD2: 0 | AE2: 1 | AF2: 6 | AG2: 4 | AH2: 0 | AI2: 5
A3: 49 | B3: No | C3: Travel_Frequently | D3: 279 | E3: Research & Development | F3: 8 | G3: 1 | H3: Life Sciences | I3: 1 | J3: 2 | K3: 3 | L3: Male | M3: 61 | N3: 2 | O3: 2 | P3: Research Scientist | Q3: 2 | R3: Married | S3: 5130 | T3: 24907 | U3: 1 | V3: Y | W3: No | X3: 23 | Y3: 4 | Z3: 4 | AA3: 80 | AB3: 1 | AC3: 10 | AD3: 3 | AE3: 3 | AF3: 10 | AG3: 7 | AH3: 1 | AI3: 7
A4: 37 | B4: Yes | C4: Travel_Rarely | D4: 1373 | E4: Research & Development | F4: 2 | G4: 2 | H4: Other | I4: 1 | J4: 4 | K4: 4 | L4: Male | M4: 92 | N4: 2 | O4: 1 | P4: Laboratory Technician | Q4: 3 | R4: Single | S4: 2090 | T4: 2396 | U4: 6 | V4: Y | W4: Yes | X4: 15 | Y4: 3 | Z4: 2 | AA4: 80 | AB4: 0 | AC4: 7 | AD4: 3 | AE4: 3 | AF4: 0 | AG4: 0 | AH4: 0 | AI4: 0
A5: 33 | B5: No | C5: Travel_Frequently | D5: 1392 | E5: Research & Development | F5: 3 | G5: 4 | H5: Life Sciences | I5: 1 | J5: 5 | K5: 4 | L5: Female | M5: 56 | N5: 3 | O5: 1 | P5: Research Scientist | Q5: 3 | R5: Married | S5: 2909 | T5: 23159 | U5: 1 | V5: Y | W5: Yes | X5: 11 | Y5: 3 | Z5: 3 | AA5: 80 | AB5: 0 | AC5: 8 | AD5: 3 | AE5: 3 | AF5: 8 | AG5: 7 | AH5: 3 | AI5: 0
A6: 27 | B6: No | C6: Travel_Rarely | D6: 591 | E6: Research & Development | F6: 2 | G6: 1 | H6: Medical | I6: 1 | J6: 7 | K6: 1 | L6: Male | M6: 40 | N6: 3 | O6: 1 | P6: Laboratory Technician | Q6: 2 | R6: Married | S6: 3468 | T6: 16632 | U6: 9 | V6: Y | W6: No | X6: 12 | Y6: 3 | Z6: 4 | AA6: 80 | AB6: 1 | AC6: 6 | AD6: 3 | AE6: 3 | AF6: 2 | AG6: 2 | AH6: 2 | AI6: 2
A7: 32 | B7: No | C7: Travel_Frequently | D7: 1005 | E7: Research & Development | F7: 2 | G7: 2 | H7: Life Sciences | I7: 1 | J7: 8 | K7: 4 | L7: Male | M7: 79 | N7: 3 | O7: 1 | P7: Laboratory Technician | Q7: 4 | R7: Single | S7: 3068 | T7: 11864 | U7: 0 | V7: Y | W7: No | X7: 13 | Y7: 3 | Z7: 3 | AA7: 80 | AB7: 0 | AC7: 8 | AD7: 2 | AE7: 2 | AF7: 7 | AG7: 7 | AH7: 3 | AI7: 6
A8: 59 | B8: No | C8: Travel_Rarely | D8: 1324 | E8: Research & Development | F8: 3 | G8: 3 | H8: Medical | I8: 1 | J8: 10 | K8: 3 | L8: Female | M8: 81 | N8: 4 | O8: 1 | P8: Laboratory Technician | Q8: 1 | R8: Married | S8: 2670 | T8: 9964 | U8: 4 | V8: Y | W8: Yes | X8: 20 | Y8: 4 | Z8: 1 | AA8: 80 | AB8: 3 | AC8: 12 | AD8: 3 | AE8: 2 | AF8: 1 | AG8: 0 | AH8: 0 | AI8: 0
A9: 30 | B9: No | C9: Travel_Rarely | D9: 1358 | E9: Research & Development | F9: 24 | G9: 1 | H9: Life Sciences | I9: 1 | J9: 11 | K9: 4 | L9: Male | M9: 67 | N9: 3 | O9: 1 | P9: Laboratory Technician | Q9: 3 | R9: Divorced | S9: 2693 | T9: 13335 | U9: 1 | V9: Y | W9: No | X9: 22 | Y9: 4 | Z9: 2 | AA9: 80 | AB9: 1 | AC9: 1 | AD9: 2 | AE9: 3 | AF9: 1 | AG9: 0 | AH9: 0 | AI9: 0
A10: 38 | B10: No | C10: Travel_Frequently | D10: 216 | E10: Research & Development | F10: 23 | G10: 3 | H10: Life Sciences | I10: 1 | J10: 12 | K10: 4 | L10: Male | M10: 44 | N10: 2 | O10: 3 | P10: Manufacturing Director | Q10: 3 | R10: Single | S10: 9526 | T10: 8787 | U10: 0 | V10: Y | W10: No | X10: 21 | Y10: 4 | Z10: 2 | AA10: 80 | AB10: 0 | AC10: 10 | AD10: 2 | AE10: 3 | AF10: 9 | AG10: 7 | AH10: 1 | AI10: 8
A11: 36 | B11: No | C11: Travel_Rarely | D11: 1299 | E11: Research & Development | F11: 27 | G11: 3 | H11: Medical | I11: 1 | J11: 13 | K11: 3 | L11: Male | M11: 94 | N11: 3 | O11: 2 | P11: Healthcare Representative | Q11: 3 | R11: Married | S11: 5237 | T11: 16577 | U11: 6 | V11: Y | W11: No | X11: 13 | Y11: 3 | Z11: 2 | AA11: 80 | AB11: 2 | AC11: 17 | AD11: 3 | AE11: 2 | AF11: 7 | AG11: 7 | AH11: 7 | AI11: 7
A12: 35 | B12: No | C12: Travel_Rarely | D12: 809 | E12: Research & Development | F12: 16 | G12: 3 | H12: Medical | I12: 1 | J12: 14 | K12: 1 | L12: Male | M12: 84 | N12: 4 | O12: 1 | P12: Laboratory Technician | Q12: 2 | R12: Married | S12: 2426 | T12: 16479 | U12: 0 | V12: Y | W12: No | X12: 13 | Y12: 3 | Z12: 3 | AA12: 80 | AB12: 1 | AC12: 6 | AD12: 5 | AE12: 3 | AF12: 5 | AG12: 4 | AH12: 0 | AI12: 3
A13: 29 | B13: No | C13: Travel_Rarely | D13: 153 | E13: Research & Development | F13: 15 | G13: 2 | H13: Life Sciences | I13: 1 | J13: 15 | K13: 4 | L13: Female | M13: 49 | N13: 2 | O13: 2 | P13: Laboratory Technician | Q13: 3 | R13: Single | S13: 4193 | T13: 12682 | U13: 0 | V13: Y | W13: Yes | X13: 12 | Y13: 3 | Z13: 4 | AA13: 80 | AB13: 0 | AC13: 10 | AD13: 3 | AE13: 3 | AF13: 9 | AG13: 5 | AH13: 0 | AI13: 8
... A1471: 34 | B1471: No | C1471: Travel_Rarely | D1471: 628 | E1471: Research & Development | F1471: 8 | G1471: 3 | H1471: Medical | I1471: 1 | J1471: 2068 | K1471: 2 | L1471: Male | M1471: 82 | N1471: 4 | O1471: 2 | P1471: Laboratory Technician | Q1471: 3 | R1471: Married | S1471: 4404 | T1471: 10228 | U1471: 2 | V1471: Y | W1471: No | X1471: 12 | Y1471: 3 | Z1471: 1 | AA1471: 80 | AB1471: 0 | AC1471: 6 | AD1471: 3 | AE1471: 4 | AF1471: 4 | AG1471: 3 | AH1471: 1 | AI1471: 2

Sheet Cleaned_Data
A1: Age | B1: Attrition | C1: BusinessTravel | D1: DailyRate | E1: Department | F1: DistanceFromHome | G1: Education | H1: EducationField | I1: EmployeeNumber | J1: EnvironmentSatisfaction | K1: Gender | L1: HourlyRate | M1: JobInvolvement | N1: JobLevel | O1: JobRole | P1: JobSatisfaction | Q1: MaritalStatus | R1: MonthlyIncome | S1: MonthlyRate | T1: NumCompaniesWorked | U1: OverTime | V1: PercentSalaryHike | W1: PerformanceRating | X1: RelationshipSatisfaction | Y1: StockOptionLevel | Z1: TotalWorkingYears | AA1: TrainingTimesLastYear | AB1: WorkLifeBalance | AC1: YearsAtCompany | AD1: YearsInCurrentRole | AE1: YearsSinceLastPromotion | AF1: YearsWithCurrManager | AG1: AgeGroup | AH1: SalaryBand | AI1: DeptAvgSalary | AJ1: SalaryStatus | AK1: AttritionRisk
A2: 41 | B2: Yes | C2: Travel_Rarely | D2: 1102 | E2: Sales | F2: 1 | G2: 2 | H2: Life Sciences | I2: 1 | J2: 2 | K2: Female | L2: 94 | M2: 3 | N2: 2 | O2: Sales Executive | P2: 4 | Q2: Single | R2: 5993 | S2: 19479 | T2: 8 | U2: Yes | V2: 11 | W2: 3 | X2: 1 | Y2: 0 | Z2: 8 | AA2: 0 | AB2: 1 | AC2: 6 | AD2: 4 | AE2: 0 | AF2: 5 | AG2: =IF(A2<=25,"18-25",IF(A2<= 35, "26-35",IF(A2<=45, "36-45","46+"))) -> 36-45 | AH2: =IF(R2<3000,"Low",IF(R2<7000,"Mid", IF(R2<12000, "High", "Very High"))) -> Mid | AI2: =VLOOKUP(E2,Lookup_Tables!$A$3:$B$5,2,) -> 6959.1726 | AJ2: =IF(R2>AI2, "Above salary","Below salary") -> Below salary | AK2: =IF(AND(P2<=2,U2="Yes"),"High Risk",IF(OR(P2<=2,U2="Yes"),"Medium Risk","Low Risk")) -> Medium Risk
A3: 49 | B3: No | C3: Travel_Frequently | D3: 279 | E3: Research & Development | F3: 8 | G3: 1 | H3: Life Sciences | I3: 2 | J3: 3 | K3: Male | L3: 61 | M3: 2 | N3: 2 | O3: Research Scientist | P3: 2 | Q3: Married | R3: 5130 | S3: 24907 | T3: 1 | U3: No | V3: 23 | W3: 4 | X3: 4 | Y3: 1 | Z3: 10 | AA3: 3 | AB3: 3 | AC3: 10 | AD3: 7 | AE3: 1 | AF3: 7 | AG3: =IF(A3<=25,"18-25",IF(A3<= 35, "26-35",IF(A3<=45, "36-45","46+"))) -> 46+ | AH3: =IF(R3<3000,"Low",IF(R3<7000,"Mid", IF(R3<12000, "High", "Very High"))) -> Mid | AI3: =VLOOKUP(E3,Lookup_Tables!$A$3:$B$5,2,) -> 6281.2529 | AJ3: =IF(R3>AI3, "Above salary","Below salary") -> Below salary | AK3: =IF(AND(P3<=2,U3="Yes"),"High Risk",IF(OR(P3<=2,U3="Yes"),"Medium Risk","Low Risk")) -> Medium Risk
A4: 37 | B4: Yes | C4: Travel_Rarely | D4: 1373 | E4: Research & Development | F4: 2 | G4: 2 | H4: Other | I4: 4 | J4: 4 | K4: Male | L4: 92 | M4: 2 | N4: 1 | O4: Laboratory Technician | P4: 3 | Q4: Single | R4: 2090 | S4: 2396 | T4: 6 | U4: Yes | V4: 15 | W4: 3 | X4: 2 | Y4: 0 | Z4: 7 | AA4: 3 | AB4: 3 | AC4: 0 | AD4: 0 | AE4: 0 | AF4: 0 | AG4: =IF(A4<=25,"18-25",IF(A4<= 35, "26-35",IF(A4<=45, "36-45","46+"))) -> 36-45 | AH4: =IF(R4<3000,"Low",IF(R4<7000,"Mid", IF(R4<12000, "High", "Very High"))) -> Low | AI4: =VLOOKUP(E4,Lookup_Tables!$A$3:$B$5,2,) -> 6281.2529 | AJ4: =IF(R4>AI4, "Above salary","Below salary") -> Below salary | AK4: =IF(AND(P4<=2,U4="Yes"),"High Risk",IF(OR(P4<=2,U4="Yes"),"Medium Risk","Low Risk")) -> Medium Risk
A5: 33 | B5: No | C5: Travel_Frequently | D5: 1392 | E5: Research & Development | F5: 3 | G5: 4 | H5: Life Sciences | I5: 5 | J5: 4 | K5: Female | L5: 56 | M5: 3 | N5: 1 | O5: Research Scientist | P5: 3 | Q5: Married | R5: 2909 | S5: 23159 | T5: 1 | U5: Yes | V5: 11 | W5: 3 | X5: 3 | Y5: 0 | Z5: 8 | AA5: 3 | AB5: 3 | AC5: 8 | AD5: 7 | AE5: 3 | AF5: 0 | AG5: =IF(A5<=25,"18-25",IF(A5<= 35, "26-35",IF(A5<=45, "36-45","46+"))) -> 26-35 | AH5: =IF(R5<3000,"Low",IF(R5<7000,"Mid", IF(R5<12000, "High", "Very High"))) -> Low | AI5: =VLOOKUP(E5,Lookup_Tables!$A$3:$B$5,2,) -> 6281.2529 | AJ5: =IF(R5>AI5, "Above salary","Below salary") -> Below salary | AK5: =IF(AND(P5<=2,U5="Yes"),"High Risk",IF(OR(P5<=2,U5="Yes"),"Medium Risk","Low Risk")) -> Medium Risk
A6: 27 | B6: No | C6: Travel_Rarely | D6: 591 | E6: Research & Development | F6: 2 | G6: 1 | H6: Medical | I6: 7 | J6: 1 | K6: Male | L6: 40 | M6: 3 | N6: 1 | O6: Laboratory Technician | P6: 2 | Q6: Married | R6: 3468 | S6: 16632 | T6: 9 | U6: No | V6: 12 | W6: 3 | X6: 4 | Y6: 1 | Z6: 6 | AA6: 3 | AB6: 3 | AC6: 2 | AD6: 2 | AE6: 2 | AF6: 2 | AG6: =IF(A6<=25,"18-25",IF(A6<= 35, "26-35",IF(A6<=45, "36-45","46+"))) -> 26-35 | AH6: =IF(R6<3000,"Low",IF(R6<7000,"Mid", IF(R6<12000, "High", "Very High"))) -> Mid | AI6: =VLOOKUP(E6,Lookup_Tables!$A$3:$B$5,2,) -> 6281.2529 | AJ6: =IF(R6>AI6, "Above salary","Below salary") -> Below salary | AK6: =IF(AND(P6<=2,U6="Yes"),"High Risk",IF(OR(P6<=2,U6="Yes"),"Medium Risk","Low Risk")) -> Medium Risk
A7: 32 | B7: No | C7: Travel_Frequently | D7: 1005 | E7: Research & Development | F7: 2 | G7: 2 | H7: Life Sciences | I7: 8 | J7: 4 | K7: Male | L7: 79 | M7: 3 | N7: 1 | O7: Laboratory Technician | P7: 4 | Q7: Single | R7: 3068 | S7: 11864 | T7: 0 | U7: No | V7: 13 | W7: 3 | X7: 3 | Y7: 0 | Z7: 8 | AA7: 2 | AB7: 2 | AC7: 7 | AD7: 7 | AE7: 3 | AF7: 6 | AG7: =IF(A7<=25,"18-25",IF(A7<= 35, "26-35",IF(A7<=45, "36-45","46+"))) -> 26-35 | AH7: =IF(R7<3000,"Low",IF(R7<7000,"Mid", IF(R7<12000, "High", "Very High"))) -> Mid | AI7: =VLOOKUP(E7,Lookup_Tables!$A$3:$B$5,2,) -> 6281.2529 | AJ7: =IF(R7>AI7, "Above salary","Below salary") -> Below salary | AK7: =IF(AND(P7<=2,U7="Yes"),"High Risk",IF(OR(P7<=2,U7="Yes"),"Medium Risk","Low Risk")) -> Low Risk
A8: 59 | B8: No | C8: Travel_Rarely | D8: 1324 | E8: Research & Development | F8: 3 | G8: 3 | H8: Medical | I8: 10 | J8: 3 | K8: Female | L8: 81 | M8: 4 | N8: 1 | O8: Laboratory Technician | P8: 1 | Q8: Married | R8: 2670 | S8: 9964 | T8: 4 | U8: Yes | V8: 20 | W8: 4 | X8: 1 | Y8: 3 | Z8: 12 | AA8: 3 | AB8: 2 | AC8: 1 | AD8: 0 | AE8: 0 | AF8: 0 | AG8: =IF(A8<=25,"18-25",IF(A8<= 35, "26-35",IF(A8<=45, "36-45","46+"))) -> 46+ | AH8: =IF(R8<3000,"Low",IF(R8<7000,"Mid", IF(R8<12000, "High", "Very High"))) -> Low | AI8: =VLOOKUP(E8,Lookup_Tables!$A$3:$B$5,2,) -> 6281.2529 | AJ8: =IF(R8>AI8, "Above salary","Below salary") -> Below salary | AK8: =IF(AND(P8<=2,U8="Yes"),"High Risk",IF(OR(P8<=2,U8="Yes"),"Medium Risk","Low Risk")) -> High Risk
A9: 30 | B9: No | C9: Travel_Rarely | D9: 1358 | E9: Research & Development | F9: 24 | G9: 1 | H9: Life Sciences | I9: 11 | J9: 4 | K9: Male | L9: 67 | M9: 3 | N9: 1 | O9: Laboratory Technician | P9: 3 | Q9: Divorced | R9: 2693 | S9: 13335 | T9: 1 | U9: No | V9: 22 | W9: 4 | X9: 2 | Y9: 1 | Z9: 1 | AA9: 2 | AB9: 3 | AC9: 1 | AD9: 0 | AE9: 0 | AF9: 0 | AG9: =IF(A9<=25,"18-25",IF(A9<= 35, "26-35",IF(A9<=45, "36-45","46+"))) -> 26-35 | AH9: =IF(R9<3000,"Low",IF(R9<7000,"Mid", IF(R9<12000, "High", "Very High"))) -> Low | AI9: =VLOOKUP(E9,Lookup_Tables!$A$3:$B$5,2,) -> 6281.2529 | AJ9: =IF(R9>AI9, "Above salary","Below salary") -> Below salary | AK9: =IF(AND(P9<=2,U9="Yes"),"High Risk",IF(OR(P9<=2,U9="Yes"),"Medium Risk","Low Risk")) -> Low Risk
A10: 38 | B10: No | C10: Travel_Frequently | D10: 216 | E10: Research & Development | F10: 23 | G10: 3 | H10: Life Sciences | I10: 12 | J10: 4 | K10: Male | L10: 44 | M10: 2 | N10: 3 | O10: Manufacturing Director | P10: 3 | Q10: Single | R10: 9526 | S10: 8787 | T10: 0 | U10: No | V10: 21 | W10: 4 | X10: 2 | Y10: 0 | Z10: 10 | AA10: 2 | AB10: 3 | AC10: 9 | AD10: 7 | AE10: 1 | AF10: 8 | AG10: =IF(A10<=25,"18-25",IF(A10<= 35, "26-35",IF(A10<=45, "36-45","46+"))) -> 36-45 | AH10: =IF(R10<3000,"Low",IF(R10<7000,"Mid", IF(R10<12000, "High", "Very High"))) -> High | AI10: =VLOOKUP(E10,Lookup_Tables!$A$3:$B$5,2,) -> 6281.2529 | AJ10: =IF(R10>AI10, "Above salary","Below salary") -> Above salary | AK10: =IF(AND(P10<=2,U10="Yes"),"High Risk",IF(OR(P10<=2,U10="Yes"),"Medium Risk","Low Risk")) -> Low Risk
A11: 36 | B11: No | C11: Travel_Rarely | D11: 1299 | E11: Research & Development | F11: 27 | G11: 3 | H11: Medical | I11: 13 | J11: 3 | K11: Male | L11: 94 | M11: 3 | N11: 2 | O11: Healthcare Representative | P11: 3 | Q11: Married | R11: 5237 | S11: 16577 | T11: 6 | U11: No | V11: 13 | W11: 3 | X11: 2 | Y11: 2 | Z11: 17 | AA11: 3 | AB11: 2 | AC11: 7 | AD11: 7 | AE11: 7 | AF11: 7 | AG11: =IF(A11<=25,"18-25",IF(A11<= 35, "26-35",IF(A11<=45, "36-45","46+"))) -> 36-45 | AH11: =IF(R11<3000,"Low",IF(R11<7000,"Mid", IF(R11<12000, "High", "Very High"))) -> Mid | AI11: =VLOOKUP(E11,Lookup_Tables!$A$3:$B$5,2,) -> 6281.2529 | AJ11: =IF(R11>AI11, "Above salary","Below salary") -> Below salary | AK11: =IF(AND(P11<=2,U11="Yes"),"High Risk",IF(OR(P11<=2,U11="Yes"),"Medium Risk","Low Risk")) -> Low Risk
A12: 35 | B12: No | C12: Travel_Rarely | D12: 809 | E12: Research & Development | F12: 16 | G12: 3 | H12: Medical | I12: 14 | J12: 1 | K12: Male | L12: 84 | M12: 4 | N12: 1 | O12: Laboratory Technician | P12: 2 | Q12: Married | R12: 2426 | S12: 16479 | T12: 0 | U12: No | V12: 13 | W12: 3 | X12: 3 | Y12: 1 | Z12: 6 | AA12: 5 | AB12: 3 | AC12: 5 | AD12: 4 | AE12: 0 | AF12: 3 | AG12: =IF(A12<=25,"18-25",IF(A12<= 35, "26-35",IF(A12<=45, "36-45","46+"))) -> 26-35 | AH12: =IF(R12<3000,"Low",IF(R12<7000,"Mid", IF(R12<12000, "High", "Very High"))) -> Low | AI12: =VLOOKUP(E12,Lookup_Tables!$A$3:$B$5,2,) -> 6281.2529 | AJ12: =IF(R12>AI12, "Above salary","Below salary") -> Below salary | AK12: =IF(AND(P12<=2,U12="Yes"),"High Risk",IF(OR(P12<=2,U12="Yes"),"Medium Risk","Low Risk")) -> Medium Risk
A13: 29 | B13: No | C13: Travel_Rarely | D13: 153 | E13: Research & Development | F13: 15 | G13: 2 | H13: Life Sciences | I13: 15 | J13: 4 | K13: Female | L13: 49 | M13: 2 | N13: 2 | O13: Laboratory Technician | P13: 3 | Q13: Single | R13: 4193 | S13: 12682 | T13: 0 | U13: Yes | V13: 12 | W13: 3 | X13: 4 | Y13: 0 | Z13: 10 | AA13: 3 | AB13: 3 | AC13: 9 | AD13: 5 | AE13: 0 | AF13: 8 | AG13: =IF(A13<=25,"18-25",IF(A13<= 35, "26-35",IF(A13<=45, "36-45","46+"))) -> 26-35 | AH13: =IF(R13<3000,"Low",IF(R13<7000,"Mid", IF(R13<12000, "High", "Very High"))) -> Mid | AI13: =VLOOKUP(E13,Lookup_Tables!$A$3:$B$5,2,) -> 6281.2529 | AJ13: =IF(R13>AI13, "Above salary","Below salary") -> Below salary | AK13: =IF(AND(P13<=2,U13="Yes"),"High Risk",IF(OR(P13<=2,U13="Yes"),"Medium Risk","Low Risk")) -> Medium Risk
... A1471: 34 | B1471: No | C1471: Travel_Rarely | D1471: 628 | E1471: Research & Development | F1471: 8 | G1471: 3 | H1471: Medical | I1471: 2068 | J1471: 2 | K1471: Male | L1471: 82 | M1471: 4 | N1471: 2 | O1471: Laboratory Technician | P1471: 3 | Q1471: Married | R1471: 4404 | S1471: 10228 | T1471: 2 | U1471: No | V1471: 12 | W1471: 3 | X1471: 1 | Y1471: 0 | Z1471: 6 | AA1471: 3 | AB1471: 4 | AC1471: 4 | AD1471: 3 | AE1471: 1 | AF1471: 2 | AG1471: =IF(A1471<=25,"18-25",IF(A1471<= 35, "26-35",IF(A1471<=45, "36-45","46+"))) -> 26-35 | AH1471: =IF(R1471<3000,"Low",IF(R1471<7000,"Mid", IF(R1471<12000, "High", "Very High"))) -> Mid | AI1471: =VLOOKUP(E1471,Lookup_Tables!$A$3:$B$5,2,) -> 6281.2529 | AJ1471: =IF(R1471>AI1471, "Above salary","Below salary") -> Below salary | AK1471: =IF(AND(P1471<=2,U1471="Yes"),"High Risk",IF(OR(P1471<=2,U1471="Yes"),"Medium Risk","Low Risk")) -> Low Risk

Sheet Summary
A1: Total Salary by Department | D1: Overtime Total Salary by Department
A2: Department name | B2: Total Salary | D2: Department | E2: OT Total Salary
A3: Human Resources | B3: =SUMIF(Cleaned_Data!E:E, A3,Cleaned_Data!R:R) -> 419234 | D3: Human Resources | E3: =SUMIFS(Cleaned_Data!R:R,Cleaned_Data!E:E,D3,Cleaned_Data!U:U,"Yes") -> 123781
A4: Research & Development | B4: =SUMIF(Cleaned_Data!E:E, A4,Cleaned_Data!R:R) -> 6036284 | D4: Research & Development | E4: =SUMIFS(Cleaned_Data!R:R,Cleaned_Data!E:E,D4,Cleaned_Data!U:U,"Yes") -> 1705330
A5: Sales | B5: =SUMIF(Cleaned_Data!E:E, A5,Cleaned_Data!R:R) -> 3103791 | D5: Sales | E5: =SUMIFS(Cleaned_Data!R:R,Cleaned_Data!E:E,D5,Cleaned_Data!U:U,"Yes") -> 895085
A8: Attrition count per department
A9: Total Attrition | B9: =COUNTIF(Cleaned_Data!B:B,"Yes") -> 237
A10: Department name | B10: Dept-wiseTotal Attrition | C10: Attrition Rate %
A11: Human Resources | B11: =COUNTIFS(Cleaned_Data!E:E,A11,Cleaned_Data!B:B,"Yes") -> 12 | C11: =COUNTIFS(Cleaned_Data!E:E,A11,Cleaned_Data!B:B,"Yes") /COUNTIF(Cleaned_Data!E:E,A11) -> 0.19047619
A12: Research & Development | B12: =COUNTIFS(Cleaned_Data!E:E,A12,Cleaned_Data!B:B,"Yes") -> 133 | C12: =COUNTIFS(Cleaned_Data!E:E,A12,Cleaned_Data!B:B,"Yes") /COUNTIF(Cleaned_Data!E:E,A12) -> 0.1383975
A13: Sales | B13: =COUNTIFS(Cleaned_Data!E:E,A13,Cleaned_Data!B:B,"Yes") -> 92 | C13: =COUNTIFS(Cleaned_Data!E:E,A13,Cleaned_Data!B:B,"Yes") /COUNTIF(Cleaned_Data!E:E,A13) -> 0.20627803
A16: Avg age of employees who left | C16: =AVERAGEIF(Cleaned_Data!$B:$B,"Yes",Cleaned_Data!$A:$A) -> 33.607595

Sheet Lookup_Tables
A1: AvgSalary by Department
A2: Department | B2: AvgSalary
A3: Human Resources | B3: =AVERAGEIF(Cleaned_Data!E:E,"Human Resources",Cleaned_Data!R:R) -> 6654.5079
A4: Research & Development | B4: =AVERAGEIF(Cleaned_Data!E:E,"Research & Development",Cleaned_Data!R:R) -> 6281.2529
A5: Sales | B5: =AVERAGEIF(Cleaned_Data!E:E,"Sales",Cleaned_Data!R:R) -> 6959.1726

Sheet Pivot1_Attrition
A1: Attrition | B1: Yes
A3: Count of Attrition | B3: Gender
A4: Department | B4: Female | C4: Male | D4: Grand Total
A5: Human Resources | B5: 6 | C5: 6 | D5: 12
A6: Research & Development | B6: 43 | C6: 90 | D6: 133
A7: Sales | B7: 38 | C7: 54 | D7: 92
A8: Grand Total | B8: 87 | C8: 150 | D8: 237

Sheet Pivot2_Salary
A3: JobRole | B3: Average of MonthlyIncome
A4: Manager | B4: 17181.676
A5: Research Director | B5: 16033.55
A6: Healthcare Representative | B6: 7528.7634
A7: Manufacturing Director | B7: 7295.1379
A8: Sales Executive | B8: 6924.2791
A9: Human Resources | B9: 4235.75
A10: Research Scientist | B10: 3239.9726
A11: Laboratory Technician | B11: 3237.1699
A12: Sales Representative | B12: 2626
A13: Grand Total | B13: 6502.9313

Sheet Pivot3_OverTime
A3: Count of EmployeeNumber | B3: Attrition
A4: Over Time | B4: No | C4: Yes | D4: Grand Total
A5: No | B5: 0.89563567 | C5: 0.10436433 | D5: 1
A6: Yes | B6: 0.69471154 | C6: 0.30528846 | D6: 1
A7: Grand Total | B7: 0.83877551 | C7: 0.16122449 | D7: 1

Sheet Pivot4_Satisfaction
A3: Row Labels | B3: Average of JobSatisfaction
A4: 18-25 | B4: 2.7317073
A5: 26-35 | B5: 2.7392739
A6: 36-45 | B6: 2.7307692
A7: 46+ | B7: 2.6996337
A8: Grand Total | B8: 2.7285714
